-- MySQL dump 9.10
--
-- Host: localhost    Database: budgetcontrolling
-- ------------------------------------------------------
-- Server version	4.0.18-max-debug

--
-- Table structure for table `masterbudget`
--

CREATE TABLE masterbudget (
  BudgetID varchar(10) NOT NULL default '',
  BudgetName varchar(100) NOT NULL default '',
  BudgetGroupID varchar(5) NOT NULL default ''
) TYPE=InnoDB;

--
-- Dumping data for table `masterbudget`
--

INSERT INTO masterbudget VALUES ('100-10','Stationery','100');
INSERT INTO masterbudget VALUES ('100-20','Book','100');
INSERT INTO masterbudget VALUES ('100-30','Furniture','100');
INSERT INTO masterbudget VALUES ('200-10','Personal Computer','200');
INSERT INTO masterbudget VALUES ('200-20','Software','200');
INSERT INTO masterbudget VALUES ('200-30','Printer','200');
INSERT INTO masterbudget VALUES ('200-40','Scanner','200');
INSERT INTO masterbudget VALUES ('200-50','Flash Disk','200');
INSERT INTO masterbudget VALUES ('400-10','Local Training - Fee','400');
INSERT INTO masterbudget VALUES ('400-20','Local Training - Accomodation','400');
INSERT INTO masterbudget VALUES ('400-30','Local Training - Transportation','400');
INSERT INTO masterbudget VALUES ('400-40','Overseas Training - Fee','400');
INSERT INTO masterbudget VALUES ('400-50','Overseas Training - Accomodation','400');
INSERT INTO masterbudget VALUES ('400-60','Overseas Training - Transportation','400');

--
-- Table structure for table `masterbudgetgroup`
--

CREATE TABLE masterbudgetgroup (
  BudgetGroupID varchar(5) NOT NULL default '',
  BudgetGroupName varchar(100) NOT NULL default ''
) TYPE=InnoDB;

--
-- Dumping data for table `masterbudgetgroup`
--

INSERT INTO masterbudgetgroup VALUES ('100','Office Equipment');
INSERT INTO masterbudgetgroup VALUES ('200','Computer');
INSERT INTO masterbudgetgroup VALUES ('400','Training');

--
-- Table structure for table `masteremployee`
--

CREATE TABLE masteremployee (
  EmployeeID varchar(10) NOT NULL default '',
  EmployeeName varchar(100) NOT NULL default '',
  EmployeeStatus char(1) NOT NULL default '',
  TitleID varchar(5) NOT NULL default '',
  PRIMARY KEY  (EmployeeID)
) TYPE=InnoDB;

--
-- Dumping data for table `masteremployee`
--

INSERT INTO masteremployee VALUES ('1010023','Yetty N. Hadi','A','AVP');
INSERT INTO masteremployee VALUES ('1010070','Syulimar Edwin Z.','A','SO');
INSERT INTO masteremployee VALUES ('1010072','Sri Rahayu','A','AVP');
INSERT INTO masteremployee VALUES ('1010080','Ery Surya Chandra','A','SO');
INSERT INTO masteremployee VALUES ('1010117','Rd. Josi Oktarini R.','A','SC');
INSERT INTO masteremployee VALUES ('1010139','Firliza Hayatun Nufus','A','SC');
INSERT INTO masteremployee VALUES ('1010140','Irma Primandini','A','SO');
INSERT INTO masteremployee VALUES ('1010141','Benny Prabawa','A','SC');
INSERT INTO masteremployee VALUES ('1030260','Fumira Kimura','A','DD');
INSERT INTO masteremployee VALUES ('1050298','Roy Djajakusli','A','AVP');
INSERT INTO masteremployee VALUES ('1050310','Pramesti Resiandini','R','SO');
INSERT INTO masteremployee VALUES ('1070427','Kusno','A','SC');
INSERT INTO masteremployee VALUES ('1070428','Nanci Laura Sitinjak','A','C');
INSERT INTO masteremployee VALUES ('1070440','Melky R. Mambu','A','C');
INSERT INTO masteremployee VALUES ('2060353','Candra Setiawan','R','C');

--
-- Table structure for table `masterfunctiondetail`
--

CREATE TABLE masterfunctiondetail (
  UserID varchar(10) NOT NULL default '',
  FunctionID varchar(10) NOT NULL default '',
  CanView tinyint(4) NOT NULL default '0',
  CanAdd tinyint(4) NOT NULL default '0',
  CanModify tinyint(4) NOT NULL default '0',
  CanDelete tinyint(4) NOT NULL default '0',
  PRIMARY KEY  (FunctionID,UserID)
) TYPE=InnoDB;

--
-- Dumping data for table `masterfunctiondetail`
--

INSERT INTO masterfunctiondetail VALUES ('1070427','MST-001',1,1,1,1);
INSERT INTO masterfunctiondetail VALUES ('1070427','MST-002',1,1,1,1);
INSERT INTO masterfunctiondetail VALUES ('1070427','MST-003',1,1,1,1);
INSERT INTO masterfunctiondetail VALUES ('1070427','MST-004',1,1,1,1);
INSERT INTO masterfunctiondetail VALUES ('1070427','MST-005',1,1,1,1);
INSERT INTO masterfunctiondetail VALUES ('1070427','MST-006',1,1,1,1);
INSERT INTO masterfunctiondetail VALUES ('1070427','RPT-001',1,1,1,1);
INSERT INTO masterfunctiondetail VALUES ('1070427','RPT-002',1,1,1,1);
INSERT INTO masterfunctiondetail VALUES ('1070427','RPT-003',1,1,1,1);
INSERT INTO masterfunctiondetail VALUES ('1070427','RPT-004',1,1,1,1);
INSERT INTO masterfunctiondetail VALUES ('1070427','TSK-001',1,1,1,1);
INSERT INTO masterfunctiondetail VALUES ('1070427','TSK-002',1,1,1,1);
INSERT INTO masterfunctiondetail VALUES ('1070427','TSK-003',1,1,1,1);
INSERT INTO masterfunctiondetail VALUES ('1070427','TSK-004',1,1,1,1);

--
-- Table structure for table `mastertitle`
--

CREATE TABLE mastertitle (
  TitleID varchar(5) NOT NULL default '',
  TitleName varchar(50) NOT NULL default '',
  Level tinyint(4) NOT NULL default '0',
  PRIMARY KEY  (TitleID)
) TYPE=InnoDB;

--
-- Dumping data for table `mastertitle`
--

INSERT INTO mastertitle VALUES ('AVP','Assistant Vice President',5);
INSERT INTO mastertitle VALUES ('C','Clerk',1);
INSERT INTO mastertitle VALUES ('DD','Deputy Director',9);
INSERT INTO mastertitle VALUES ('DPD','Deputy President Director',10);
INSERT INTO mastertitle VALUES ('EVP','Executive Vice President',8);
INSERT INTO mastertitle VALUES ('NC','Non Clerk',0);
INSERT INTO mastertitle VALUES ('O','Officer',3);
INSERT INTO mastertitle VALUES ('PD','President Director',11);
INSERT INTO mastertitle VALUES ('SC','Senior Clerk',2);
INSERT INTO mastertitle VALUES ('SO','Senior Officer',4);
INSERT INTO mastertitle VALUES ('SVP','Senior Vice President',7);
INSERT INTO mastertitle VALUES ('VP','Vice President',6);

--
-- Table structure for table `masteruser`
--

CREATE TABLE masteruser (
  UserID varchar(10) NOT NULL default '',
  Password varchar(15) NOT NULL default '',
  UserName varchar(30) NOT NULL default '',
  Status char(1) NOT NULL default '',
  PRIMARY KEY  (UserID)
) TYPE=InnoDB;

--
-- Dumping data for table `masteruser`
--

INSERT INTO masteruser VALUES ('1070427','a','Kusno','A');

--
-- Table structure for table `trxbudget`
--

CREATE TABLE trxbudget (
  BudgetID varchar(10) NOT NULL default '',
  Year varchar(4) NOT NULL default '',
  EmployeeID varchar(10) NOT NULL default '',
  BeginningBalance decimal(15,2) NOT NULL default '0.00',
  BudgetIn01 decimal(15,2) NOT NULL default '0.00',
  BudgetOut01 decimal(15,2) NOT NULL default '0.00',
  BudgetIn02 decimal(15,2) NOT NULL default '0.00',
  BudgetOut02 decimal(15,2) NOT NULL default '0.00',
  BudgetIn03 decimal(15,2) NOT NULL default '0.00',
  BudgetOut03 decimal(15,2) NOT NULL default '0.00',
  BudgetIn04 decimal(15,2) NOT NULL default '0.00',
  BudgetOut04 decimal(15,2) NOT NULL default '0.00',
  BudgetIn05 decimal(15,2) NOT NULL default '0.00',
  BudgetOut05 decimal(15,2) NOT NULL default '0.00',
  BudgetIn06 decimal(15,2) NOT NULL default '0.00',
  BudgetOut06 decimal(15,2) NOT NULL default '0.00',
  BudgetIn07 decimal(15,2) NOT NULL default '0.00',
  BudgetOut07 decimal(15,2) NOT NULL default '0.00',
  BudgetIn08 decimal(15,2) NOT NULL default '0.00',
  BudgetOut08 decimal(15,2) NOT NULL default '0.00',
  BudgetIn09 decimal(15,2) NOT NULL default '0.00',
  BudgetOut09 decimal(15,2) NOT NULL default '0.00',
  BudgetIn10 decimal(15,2) NOT NULL default '0.00',
  BudgetOut10 decimal(15,2) NOT NULL default '0.00',
  BudgetIn11 decimal(15,2) NOT NULL default '0.00',
  BudgetOut11 decimal(15,2) NOT NULL default '0.00',
  BudgetIn12 decimal(15,2) NOT NULL default '0.00',
  BudgetOut12 decimal(15,2) NOT NULL default '0.00',
  PRIMARY KEY  (EmployeeID,Year,BudgetID)
) TYPE=InnoDB;

--
-- Dumping data for table `trxbudget`
--

INSERT INTO trxbudget VALUES ('100-10','2008','1010023',"150000.00","0.00","0.00","0.00","0.00","0.00","0.00","0.00","0.00","0.00","0.00","0.00","0.00","0.00","0.00","0.00","0.00","0.00","0.00","0.00","0.00","0.00","0.00","0.00","0.00");
INSERT INTO trxbudget VALUES ('100-20','2008','1010023',"0.00","0.00","0.00","0.00","0.00","0.00","0.00","0.00","0.00","0.00","0.00","0.00","0.00","0.00","0.00","0.00","0.00","0.00","0.00","0.00","0.00","0.00","0.00","0.00","0.00");
INSERT INTO trxbudget VALUES ('100-30','2008','1010023',"2500000.00","0.00","0.00","0.00","0.00","0.00","0.00","0.00","0.00","0.00","0.00","0.00","0.00","0.00","0.00","0.00","0.00","0.00","0.00","0.00","0.00","0.00","0.00","0.00","0.00");
INSERT INTO trxbudget VALUES ('200-10','2008','1010023',"0.00","0.00","0.00","0.00","0.00","0.00","0.00","0.00","0.00","0.00","0.00","0.00","0.00","0.00","0.00","0.00","0.00","0.00","0.00","0.00","0.00","0.00","0.00","0.00","0.00");
INSERT INTO trxbudget VALUES ('200-20','2008','1010023',"0.00","0.00","0.00","0.00","0.00","0.00","0.00","0.00","0.00","0.00","0.00","0.00","0.00","0.00","0.00","0.00","0.00","0.00","0.00","0.00","0.00","0.00","0.00","0.00","0.00");
INSERT INTO trxbudget VALUES ('200-30','2008','1010023',"2500000.00","0.00","0.00","0.00","0.00","0.00","0.00","0.00","0.00","0.00","0.00","0.00","0.00","0.00","0.00","0.00","0.00","0.00","0.00","0.00","0.00","0.00","0.00","0.00","0.00");
INSERT INTO trxbudget VALUES ('200-40','2008','1010023',"0.00","0.00","0.00","0.00","0.00","0.00","0.00","0.00","0.00","0.00","0.00","0.00","0.00","0.00","0.00","0.00","0.00","0.00","0.00","0.00","0.00","0.00","0.00","0.00","0.00");
INSERT INTO trxbudget VALUES ('200-50','2008','1010023',"1500000.00","0.00","0.00","0.00","0.00","0.00","0.00","0.00","0.00","0.00","0.00","0.00","0.00","0.00","0.00","0.00","0.00","0.00","0.00","0.00","0.00","0.00","0.00","0.00","0.00");
INSERT INTO trxbudget VALUES ('400-10','2008','1010023',"15000000.00","0.00","0.00","0.00","0.00","0.00","0.00","0.00","0.00","0.00","0.00","0.00","0.00","0.00","0.00","0.00","0.00","0.00","0.00","0.00","0.00","0.00","0.00","0.00","0.00");
INSERT INTO trxbudget VALUES ('400-20','2008','1010023',"1500000.00","0.00","0.00","0.00","0.00","0.00","0.00","0.00","0.00","0.00","0.00","0.00","0.00","0.00","0.00","0.00","0.00","0.00","0.00","0.00","0.00","0.00","0.00","0.00","0.00");
INSERT INTO trxbudget VALUES ('400-30','2008','1010023',"1500000.00","0.00","0.00","0.00","0.00","0.00","0.00","0.00","0.00","0.00","0.00","0.00","0.00","0.00","0.00","0.00","0.00","0.00","0.00","0.00","0.00","0.00","0.00","0.00","0.00");
INSERT INTO trxbudget VALUES ('400-40','2008','1010023',"25000000.00","0.00","0.00","0.00","0.00","0.00","0.00","0.00","-1500000.00","0.00","1500000.00","0.00","0.00","0.00","0.00","0.00","0.00","0.00","0.00","0.00","0.00","0.00","0.00","0.00","0.00");
INSERT INTO trxbudget VALUES ('400-50','2008','1010023',"7500000.00","0.00","0.00","0.00","0.00","0.00","0.00","-1500000.00","0.00","1500000.00","0.00","0.00","0.00","0.00","0.00","0.00","0.00","0.00","0.00","0.00","0.00","0.00","0.00","0.00","0.00");
INSERT INTO trxbudget VALUES ('400-60','2008','1010023',"5500000.00","0.00","0.00","0.00","0.00","0.00","0.00","0.00","0.00","0.00","0.00","0.00","0.00","0.00","0.00","0.00","0.00","0.00","0.00","0.00","0.00","0.00","0.00","0.00","0.00");
INSERT INTO trxbudget VALUES ('100-10','2008','1010070',"750000.00","0.00","0.00","0.00","0.00","0.00","0.00","0.00","0.00","0.00","0.00","0.00","0.00","0.00","0.00","0.00","0.00","0.00","0.00","0.00","0.00","0.00","0.00","0.00","0.00");
INSERT INTO trxbudget VALUES ('100-20','2008','1010070',"500000.00","0.00","0.00","0.00","0.00","0.00","0.00","0.00","0.00","0.00","0.00","0.00","0.00","0.00","0.00","0.00","0.00","0.00","0.00","0.00","0.00","0.00","0.00","0.00","0.00");
INSERT INTO trxbudget VALUES ('100-30','2008','1010070',"0.00","0.00","0.00","0.00","0.00","0.00","0.00","0.00","0.00","0.00","0.00","0.00","0.00","0.00","0.00","0.00","0.00","0.00","0.00","0.00","0.00","0.00","0.00","0.00","0.00");
INSERT INTO trxbudget VALUES ('200-10','2008','1010070',"5500000.00","0.00","0.00","0.00","0.00","0.00","0.00","0.00","0.00","0.00","0.00","0.00","0.00","0.00","0.00","0.00","0.00","0.00","0.00","0.00","0.00","0.00","0.00","0.00","0.00");
INSERT INTO trxbudget VALUES ('200-20','2008','1010070',"750000.00","0.00","0.00","0.00","0.00","0.00","0.00","0.00","0.00","0.00","0.00","0.00","0.00","0.00","0.00","0.00","0.00","0.00","0.00","0.00","0.00","0.00","0.00","0.00","0.00");
INSERT INTO trxbudget VALUES ('200-30','2008','1010070',"0.00","0.00","0.00","0.00","0.00","0.00","0.00","0.00","0.00","0.00","0.00","0.00","0.00","0.00","0.00","0.00","0.00","0.00","0.00","0.00","0.00","0.00","0.00","0.00","0.00");
INSERT INTO trxbudget VALUES ('200-40','2008','1010070',"0.00","0.00","0.00","0.00","0.00","0.00","0.00","0.00","0.00","0.00","0.00","0.00","0.00","0.00","0.00","0.00","0.00","0.00","0.00","0.00","0.00","0.00","0.00","0.00","0.00");
INSERT INTO trxbudget VALUES ('200-50','2008','1010070',"250000.00","0.00","0.00","0.00","0.00","0.00","0.00","0.00","0.00","0.00","0.00","0.00","0.00","0.00","0.00","0.00","0.00","0.00","0.00","0.00","0.00","0.00","0.00","0.00","0.00");
INSERT INTO trxbudget VALUES ('400-10','2008','1010070',"15000000.00","0.00","0.00","0.00","0.00","0.00","0.00","0.00","0.00","0.00","0.00","0.00","0.00","0.00","0.00","0.00","0.00","0.00","0.00","0.00","0.00","0.00","0.00","0.00","0.00");
INSERT INTO trxbudget VALUES ('400-20','2008','1010070',"750000.00","0.00","0.00","0.00","0.00","0.00","0.00","0.00","0.00","0.00","0.00","0.00","0.00","0.00","0.00","0.00","0.00","0.00","0.00","0.00","0.00","0.00","0.00","0.00","0.00");
INSERT INTO trxbudget VALUES ('400-30','2008','1010070',"1500000.00","0.00","0.00","0.00","0.00","0.00","0.00","0.00","0.00","0.00","0.00","0.00","0.00","0.00","0.00","0.00","0.00","0.00","0.00","0.00","0.00","0.00","0.00","0.00","0.00");
INSERT INTO trxbudget VALUES ('400-40','2008','1010070',"25000000.00","0.00","0.00","0.00","0.00","0.00","0.00","0.00","0.00","0.00","0.00","0.00","0.00","0.00","0.00","0.00","0.00","0.00","0.00","0.00","0.00","0.00","0.00","0.00","0.00");
INSERT INTO trxbudget VALUES ('400-50','2008','1010070',"1500000.00","0.00","0.00","0.00","0.00","0.00","0.00","0.00","0.00","0.00","0.00","0.00","0.00","0.00","0.00","0.00","0.00","0.00","0.00","0.00","0.00","0.00","0.00","0.00","0.00");
INSERT INTO trxbudget VALUES ('400-60','2008','1010070',"3000000.00","0.00","0.00","0.00","0.00","0.00","0.00","0.00","0.00","0.00","0.00","0.00","0.00","0.00","0.00","0.00","0.00","0.00","0.00","0.00","0.00","0.00","0.00","0.00","0.00");
INSERT INTO trxbudget VALUES ('100-10','2008','1010072',"5000000.00","0.00","0.00","0.00","0.00","0.00","0.00","0.00","0.00","0.00","0.00","0.00","0.00","0.00","0.00","0.00","0.00","0.00","0.00","0.00","0.00","0.00","0.00","0.00","0.00");
INSERT INTO trxbudget VALUES ('100-20','2008','1010072',"500000.00","0.00","0.00","0.00","0.00","0.00","0.00","0.00","0.00","0.00","0.00","0.00","0.00","0.00","0.00","0.00","0.00","0.00","0.00","0.00","0.00","0.00","0.00","0.00","0.00");
INSERT INTO trxbudget VALUES ('100-30','2008','1010072',"0.00","0.00","0.00","0.00","0.00","0.00","0.00","0.00","0.00","0.00","0.00","0.00","0.00","0.00","0.00","0.00","0.00","0.00","0.00","0.00","0.00","0.00","0.00","0.00","0.00");
INSERT INTO trxbudget VALUES ('200-10','2008','1010072',"0.00","0.00","0.00","0.00","0.00","0.00","0.00","0.00","0.00","0.00","0.00","0.00","0.00","0.00","0.00","0.00","0.00","0.00","0.00","0.00","0.00","0.00","0.00","0.00","0.00");
INSERT INTO trxbudget VALUES ('200-20','2008','1010072',"0.00","0.00","0.00","0.00","0.00","0.00","0.00","0.00","0.00","0.00","0.00","0.00","0.00","0.00","0.00","0.00","0.00","0.00","0.00","0.00","0.00","0.00","0.00","0.00","0.00");
INSERT INTO trxbudget VALUES ('200-30','2008','1010072',"0.00","0.00","0.00","0.00","0.00","0.00","0.00","0.00","0.00","0.00","0.00","0.00","0.00","0.00","0.00","0.00","0.00","0.00","0.00","0.00","0.00","0.00","0.00","0.00","0.00");
INSERT INTO trxbudget VALUES ('200-40','2008','1010072',"0.00","0.00","0.00","0.00","0.00","0.00","0.00","0.00","0.00","0.00","0.00","0.00","0.00","0.00","0.00","0.00","0.00","0.00","0.00","0.00","0.00","0.00","0.00","0.00","0.00");
INSERT INTO trxbudget VALUES ('200-50','2008','1010072',"250000.00","0.00","0.00","0.00","0.00","0.00","0.00","0.00","0.00","0.00","0.00","0.00","0.00","0.00","0.00","0.00","0.00","0.00","0.00","0.00","0.00","0.00","0.00","0.00","0.00");
INSERT INTO trxbudget VALUES ('400-10','2008','1010072',"15000000.00","0.00","0.00","0.00","0.00","0.00","0.00","0.00","0.00","0.00","0.00","0.00","0.00","0.00","0.00","0.00","0.00","0.00","0.00","0.00","0.00","0.00","0.00","0.00","0.00");
INSERT INTO trxbudget VALUES ('400-20','2008','1010072',"750000.00","0.00","0.00","0.00","0.00","0.00","0.00","0.00","0.00","0.00","0.00","0.00","0.00","0.00","0.00","0.00","0.00","0.00","0.00","0.00","0.00","0.00","0.00","0.00","0.00");
INSERT INTO trxbudget VALUES ('400-30','2008','1010072',"1500000.00","0.00","0.00","0.00","0.00","0.00","0.00","0.00","0.00","0.00","0.00","0.00","0.00","0.00","0.00","0.00","0.00","0.00","0.00","0.00","0.00","0.00","0.00","0.00","0.00");
INSERT INTO trxbudget VALUES ('400-40','2008','1010072',"45000000.00","0.00","0.00","0.00","0.00","0.00","0.00","0.00","0.00","0.00","0.00","0.00","0.00","0.00","0.00","0.00","0.00","0.00","0.00","0.00","0.00","0.00","0.00","0.00","0.00");
INSERT INTO trxbudget VALUES ('400-50','2008','1010072',"2500000.00","0.00","0.00","0.00","0.00","0.00","0.00","0.00","0.00","0.00","0.00","0.00","0.00","0.00","0.00","0.00","0.00","0.00","0.00","0.00","0.00","0.00","0.00","0.00","0.00");
INSERT INTO trxbudget VALUES ('400-60','2008','1010072',"5000000.00","0.00","0.00","0.00","0.00","0.00","0.00","0.00","0.00","0.00","0.00","0.00","0.00","0.00","0.00","0.00","0.00","0.00","0.00","0.00","0.00","0.00","0.00","0.00","0.00");
INSERT INTO trxbudget VALUES ('100-10','2008','1010080',"500000.00","0.00","0.00","0.00","0.00","0.00","0.00","0.00","0.00","0.00","0.00","0.00","0.00","0.00","0.00","0.00","0.00","0.00","0.00","0.00","0.00","0.00","0.00","0.00","0.00");
INSERT INTO trxbudget VALUES ('100-20','2008','1010080',"0.00","0.00","0.00","0.00","0.00","0.00","0.00","0.00","0.00","0.00","0.00","0.00","0.00","0.00","0.00","0.00","0.00","0.00","0.00","0.00","0.00","0.00","0.00","0.00","0.00");
INSERT INTO trxbudget VALUES ('100-30','2008','1010080',"0.00","0.00","0.00","0.00","0.00","0.00","0.00","0.00","0.00","0.00","0.00","0.00","0.00","0.00","0.00","0.00","0.00","0.00","0.00","0.00","0.00","0.00","0.00","0.00","0.00");
INSERT INTO trxbudget VALUES ('200-10','2008','1010080',"0.00","0.00","0.00","0.00","0.00","0.00","0.00","0.00","0.00","0.00","0.00","0.00","0.00","0.00","0.00","0.00","0.00","0.00","0.00","0.00","0.00","0.00","0.00","0.00","0.00");
INSERT INTO trxbudget VALUES ('200-20','2008','1010080',"0.00","0.00","0.00","0.00","0.00","0.00","0.00","0.00","0.00","0.00","0.00","0.00","0.00","0.00","0.00","0.00","0.00","0.00","0.00","0.00","0.00","0.00","0.00","0.00","0.00");
INSERT INTO trxbudget VALUES ('200-30','2008','1010080',"0.00","0.00","0.00","0.00","0.00","0.00","0.00","0.00","0.00","0.00","0.00","0.00","0.00","0.00","0.00","0.00","0.00","0.00","0.00","0.00","0.00","0.00","0.00","0.00","0.00");
INSERT INTO trxbudget VALUES ('200-40','2008','1010080',"0.00","0.00","0.00","0.00","0.00","0.00","0.00","0.00","0.00","0.00","0.00","0.00","0.00","0.00","0.00","0.00","0.00","0.00","0.00","0.00","0.00","0.00","0.00","0.00","0.00");
INSERT INTO trxbudget VALUES ('200-50','2008','1010080',"250000.00","0.00","0.00","0.00","0.00","0.00","0.00","0.00","0.00","0.00","0.00","0.00","0.00","0.00","0.00","0.00","0.00","0.00","0.00","0.00","0.00","0.00","0.00","0.00","0.00");
INSERT INTO trxbudget VALUES ('400-10','2008','1010080',"15000000.00","0.00","0.00","0.00","0.00","0.00","0.00","0.00","0.00","0.00","0.00","0.00","10000000.00","0.00","0.00","0.00","0.00","0.00","0.00","0.00","0.00","0.00","0.00","0.00","0.00");
INSERT INTO trxbudget VALUES ('400-20','2008','1010080',"750000.00","0.00","0.00","0.00","0.00","0.00","0.00","0.00","0.00","0.00","0.00","0.00","0.00","0.00","0.00","0.00","0.00","0.00","0.00","0.00","0.00","0.00","0.00","0.00","0.00");
INSERT INTO trxbudget VALUES ('400-30','2008','1010080',"1500000.00","0.00","0.00","0.00","0.00","0.00","0.00","0.00","0.00","0.00","0.00","0.00","0.00","0.00","0.00","0.00","0.00","0.00","0.00","0.00","0.00","0.00","0.00","0.00","0.00");
INSERT INTO trxbudget VALUES ('400-40','2008','1010080',"25000000.00","0.00","0.00","0.00","0.00","0.00","0.00","0.00","0.00","0.00","0.00","10000000.00","0.00","0.00","0.00","0.00","0.00","0.00","0.00","0.00","0.00","0.00","0.00","0.00","0.00");
INSERT INTO trxbudget VALUES ('400-50','2008','1010080',"1500000.00","0.00","0.00","0.00","0.00","0.00","0.00","0.00","0.00","0.00","0.00","0.00","0.00","0.00","0.00","0.00","0.00","0.00","0.00","0.00","0.00","0.00","0.00","0.00","0.00");
INSERT INTO trxbudget VALUES ('400-60','2008','1010080',"5000000.00","0.00","0.00","0.00","0.00","0.00","0.00","0.00","0.00","0.00","0.00","0.00","0.00","0.00","0.00","0.00","0.00","0.00","0.00","0.00","0.00","0.00","0.00","0.00","0.00");
INSERT INTO trxbudget VALUES ('100-10','2008','1010117',"400000.00","0.00","0.00","0.00","0.00","0.00","0.00","0.00","0.00","0.00","0.00","0.00","0.00","0.00","0.00","0.00","0.00","0.00","0.00","0.00","0.00","0.00","0.00","0.00","0.00");
INSERT INTO trxbudget VALUES ('100-20','2008','1010117',"150000.00","0.00","0.00","0.00","0.00","0.00","0.00","0.00","0.00","0.00","0.00","0.00","0.00","0.00","0.00","0.00","0.00","0.00","0.00","0.00","0.00","0.00","0.00","0.00","0.00");
INSERT INTO trxbudget VALUES ('100-30','2008','1010117',"0.00","0.00","0.00","0.00","0.00","0.00","0.00","0.00","0.00","0.00","0.00","0.00","0.00","0.00","0.00","0.00","0.00","0.00","0.00","0.00","0.00","0.00","0.00","0.00","0.00");
INSERT INTO trxbudget VALUES ('200-10','2008','1010117',"5000000.00","0.00","0.00","0.00","0.00","0.00","0.00","0.00","0.00","0.00","0.00","0.00","0.00","0.00","0.00","0.00","0.00","0.00","0.00","0.00","0.00","0.00","0.00","0.00","0.00");
INSERT INTO trxbudget VALUES ('200-20','2008','1010117',"2500000.00","0.00","0.00","0.00","0.00","0.00","0.00","0.00","0.00","0.00","0.00","0.00","0.00","0.00","0.00","0.00","0.00","0.00","0.00","0.00","0.00","0.00","0.00","0.00","0.00");
INSERT INTO trxbudget VALUES ('200-30','2008','1010117',"0.00","0.00","0.00","0.00","0.00","0.00","0.00","0.00","0.00","0.00","0.00","0.00","0.00","0.00","0.00","0.00","0.00","0.00","0.00","0.00","0.00","0.00","0.00","0.00","0.00");
INSERT INTO trxbudget VALUES ('200-40','2008','1010117',"0.00","0.00","0.00","0.00","0.00","0.00","0.00","0.00","0.00","0.00","0.00","0.00","0.00","0.00","0.00","0.00","0.00","0.00","0.00","0.00","0.00","0.00","0.00","0.00","0.00");
INSERT INTO trxbudget VALUES ('200-50','2008','1010117',"0.00","0.00","0.00","0.00","0.00","0.00","0.00","0.00","0.00","0.00","0.00","0.00","0.00","0.00","0.00","0.00","0.00","0.00","0.00","0.00","0.00","0.00","0.00","0.00","0.00");
INSERT INTO trxbudget VALUES ('400-10','2008','1010117',"10000000.00","0.00","0.00","0.00","0.00","0.00","0.00","0.00","0.00","0.00","0.00","0.00","550000.00","0.00","0.00","0.00","0.00","0.00","0.00","0.00","0.00","0.00","0.00","0.00","0.00");
INSERT INTO trxbudget VALUES ('400-20','2008','1010117',"500000.00","0.00","0.00","0.00","0.00","0.00","0.00","0.00","0.00","0.00","0.00","550000.00","150000.00","0.00","0.00","0.00","0.00","0.00","0.00","0.00","0.00","0.00","0.00","0.00","0.00");
INSERT INTO trxbudget VALUES ('400-30','2008','1010117',"1000000.00","0.00","0.00","0.00","0.00","0.00","0.00","0.00","0.00","0.00","0.00","150000.00","0.00","0.00","0.00","0.00","0.00","0.00","0.00","0.00","0.00","0.00","0.00","0.00","0.00");
INSERT INTO trxbudget VALUES ('400-40','2008','1010117',"0.00","0.00","0.00","0.00","0.00","0.00","0.00","0.00","0.00","0.00","0.00","0.00","0.00","0.00","0.00","0.00","0.00","0.00","0.00","0.00","0.00","0.00","0.00","0.00","0.00");
INSERT INTO trxbudget VALUES ('400-50','2008','1010117',"0.00","0.00","0.00","0.00","0.00","0.00","0.00","0.00","0.00","0.00","0.00","0.00","0.00","0.00","0.00","0.00","0.00","0.00","0.00","0.00","0.00","0.00","0.00","0.00","0.00");
INSERT INTO trxbudget VALUES ('400-60','2008','1010117',"0.00","0.00","0.00","0.00","0.00","0.00","0.00","0.00","0.00","0.00","0.00","0.00","0.00","0.00","0.00","0.00","0.00","0.00","0.00","0.00","0.00","0.00","0.00","0.00","0.00");
INSERT INTO trxbudget VALUES ('100-10','2008','1010139',"400000.00","0.00","0.00","0.00","0.00","0.00","0.00","0.00","0.00","0.00","0.00","0.00","0.00","0.00","0.00","0.00","0.00","0.00","0.00","0.00","0.00","0.00","0.00","0.00","0.00");
INSERT INTO trxbudget VALUES ('100-20','2008','1010139',"200000.00","0.00","0.00","0.00","0.00","0.00","0.00","0.00","0.00","0.00","0.00","0.00","0.00","0.00","0.00","0.00","0.00","0.00","0.00","0.00","0.00","0.00","0.00","0.00","0.00");
INSERT INTO trxbudget VALUES ('100-30','2008','1010139',"0.00","0.00","0.00","0.00","0.00","0.00","0.00","0.00","0.00","0.00","0.00","0.00","0.00","0.00","0.00","0.00","0.00","0.00","0.00","0.00","0.00","0.00","0.00","0.00","0.00");
INSERT INTO trxbudget VALUES ('200-10','2008','1010139',"0.00","0.00","0.00","0.00","0.00","0.00","0.00","0.00","0.00","0.00","0.00","0.00","0.00","0.00","0.00","0.00","0.00","0.00","0.00","0.00","0.00","0.00","0.00","0.00","0.00");
INSERT INTO trxbudget VALUES ('200-20','2008','1010139',"0.00","0.00","0.00","0.00","0.00","0.00","0.00","0.00","0.00","0.00","0.00","0.00","0.00","0.00","0.00","0.00","0.00","0.00","0.00","0.00","0.00","0.00","0.00","0.00","0.00");
INSERT INTO trxbudget VALUES ('200-30','2008','1010139',"0.00","0.00","0.00","0.00","0.00","0.00","0.00","0.00","0.00","0.00","0.00","0.00","0.00","0.00","0.00","0.00","0.00","0.00","0.00","0.00","0.00","0.00","0.00","0.00","0.00");
INSERT INTO trxbudget VALUES ('200-40','2008','1010139',"0.00","0.00","0.00","0.00","0.00","0.00","0.00","0.00","0.00","0.00","0.00","0.00","0.00","0.00","0.00","0.00","0.00","0.00","0.00","0.00","0.00","0.00","0.00","0.00","0.00");
INSERT INTO trxbudget VALUES ('200-50','2008','1010139',"0.00","0.00","0.00","0.00","0.00","0.00","0.00","0.00","0.00","0.00","0.00","0.00","0.00","0.00","0.00","0.00","0.00","0.00","0.00","0.00","0.00","0.00","0.00","0.00","0.00");
INSERT INTO trxbudget VALUES ('400-10','2008','1010139',"11000000.00","0.00","0.00","0.00","0.00","0.00","0.00","0.00","0.00","0.00","0.00","0.00","500000.00","0.00","0.00","0.00","0.00","0.00","0.00","0.00","0.00","0.00","0.00","0.00","0.00");
INSERT INTO trxbudget VALUES ('400-20','2008','1010139',"500000.00","0.00","0.00","0.00","0.00","0.00","0.00","0.00","0.00","0.00","0.00","0.00","0.00","0.00","0.00","0.00","0.00","0.00","0.00","0.00","0.00","0.00","0.00","0.00","0.00");
INSERT INTO trxbudget VALUES ('400-30','2008','1010139',"1000000.00","0.00","0.00","0.00","0.00","0.00","0.00","0.00","0.00","0.00","0.00","500000.00","0.00","0.00","0.00","0.00","0.00","0.00","0.00","0.00","0.00","0.00","0.00","0.00","0.00");
INSERT INTO trxbudget VALUES ('400-40','2008','1010139',"0.00","0.00","0.00","0.00","0.00","0.00","0.00","0.00","0.00","0.00","0.00","0.00","0.00","0.00","0.00","0.00","0.00","0.00","0.00","0.00","0.00","0.00","0.00","0.00","0.00");
INSERT INTO trxbudget VALUES ('400-50','2008','1010139',"0.00","0.00","0.00","0.00","0.00","0.00","0.00","0.00","0.00","0.00","0.00","0.00","0.00","0.00","0.00","0.00","0.00","0.00","0.00","0.00","0.00","0.00","0.00","0.00","0.00");
INSERT INTO trxbudget VALUES ('400-60','2008','1010139',"0.00","0.00","0.00","0.00","0.00","0.00","0.00","0.00","0.00","0.00","0.00","0.00","0.00","0.00","0.00","0.00","0.00","0.00","0.00","0.00","0.00","0.00","0.00","0.00","0.00");
INSERT INTO trxbudget VALUES ('100-10','2008','1010140',"400000.00","0.00","0.00","0.00","0.00","0.00","0.00","0.00","0.00","0.00","0.00","0.00","0.00","0.00","0.00","0.00","0.00","0.00","0.00","0.00","0.00","0.00","0.00","0.00","0.00");
INSERT INTO trxbudget VALUES ('100-20','2008','1010140',"500000.00","0.00","0.00","0.00","0.00","0.00","0.00","0.00","0.00","0.00","0.00","0.00","0.00","0.00","0.00","0.00","0.00","0.00","0.00","0.00","0.00","0.00","0.00","0.00","0.00");
INSERT INTO trxbudget VALUES ('100-30','2008','1010140',"0.00","0.00","0.00","0.00","0.00","0.00","0.00","0.00","0.00","0.00","0.00","0.00","0.00","0.00","0.00","0.00","0.00","0.00","0.00","0.00","0.00","0.00","0.00","0.00","0.00");
INSERT INTO trxbudget VALUES ('200-10','2008','1010140',"0.00","0.00","0.00","0.00","0.00","0.00","0.00","0.00","0.00","0.00","0.00","0.00","0.00","0.00","0.00","0.00","0.00","0.00","0.00","0.00","0.00","0.00","0.00","0.00","0.00");
INSERT INTO trxbudget VALUES ('200-20','2008','1010140',"1500000.00","0.00","0.00","0.00","0.00","0.00","0.00","0.00","0.00","0.00","0.00","0.00","1200000.00","0.00","0.00","0.00","0.00","0.00","0.00","0.00","0.00","0.00","0.00","0.00","0.00");
INSERT INTO trxbudget VALUES ('200-30','2008','1010140',"0.00","0.00","0.00","0.00","0.00","0.00","0.00","0.00","0.00","0.00","0.00","0.00","0.00","0.00","0.00","0.00","0.00","0.00","0.00","0.00","0.00","0.00","0.00","0.00","0.00");
INSERT INTO trxbudget VALUES ('200-40','2008','1010140',"0.00","0.00","0.00","0.00","0.00","0.00","0.00","0.00","0.00","0.00","0.00","0.00","0.00","0.00","0.00","0.00","0.00","0.00","0.00","0.00","0.00","0.00","0.00","0.00","0.00");
INSERT INTO trxbudget VALUES ('200-50','2008','1010140',"250000.00","0.00","0.00","0.00","0.00","0.00","0.00","0.00","0.00","0.00","0.00","0.00","0.00","0.00","0.00","0.00","0.00","0.00","0.00","0.00","0.00","0.00","0.00","0.00","0.00");
INSERT INTO trxbudget VALUES ('400-10','2008','1010140',"15000000.00","0.00","0.00","0.00","0.00","0.00","0.00","0.00","0.00","0.00","0.00","0.00","0.00","0.00","0.00","0.00","0.00","0.00","0.00","0.00","0.00","0.00","0.00","0.00","0.00");
INSERT INTO trxbudget VALUES ('400-20','2008','1010140',"750000.00","0.00","0.00","0.00","0.00","0.00","0.00","0.00","0.00","0.00","0.00","0.00","0.00","0.00","0.00","0.00","0.00","0.00","0.00","0.00","0.00","0.00","0.00","0.00","0.00");
INSERT INTO trxbudget VALUES ('400-30','2008','1010140',"1500000.00","0.00","0.00","0.00","0.00","0.00","0.00","0.00","0.00","0.00","0.00","0.00","0.00","0.00","0.00","0.00","0.00","0.00","0.00","0.00","0.00","0.00","0.00","0.00","0.00");
INSERT INTO trxbudget VALUES ('400-40','2008','1010140',"25000000.00","0.00","0.00","0.00","0.00","0.00","0.00","0.00","0.00","0.00","0.00","0.00","0.00","0.00","0.00","0.00","0.00","0.00","0.00","0.00","0.00","0.00","0.00","0.00","0.00");
INSERT INTO trxbudget VALUES ('400-50','2008','1010140',"2500000.00","0.00","0.00","0.00","0.00","0.00","0.00","0.00","0.00","0.00","0.00","0.00","0.00","0.00","0.00","0.00","0.00","0.00","0.00","0.00","0.00","0.00","0.00","0.00","0.00");
INSERT INTO trxbudget VALUES ('400-60','2008','1010140',"5000000.00","0.00","0.00","0.00","0.00","0.00","0.00","0.00","0.00","0.00","0.00","0.00","0.00","0.00","0.00","0.00","0.00","0.00","0.00","0.00","0.00","0.00","0.00","0.00","0.00");
INSERT INTO trxbudget VALUES ('100-10','2008','1010141',"150000.00","0.00","0.00","0.00","0.00","0.00","0.00","0.00","0.00","0.00","0.00","0.00","0.00","0.00","0.00","0.00","0.00","0.00","0.00","0.00","0.00","0.00","0.00","0.00","0.00");
INSERT INTO trxbudget VALUES ('100-20','2008','1010141',"250000.00","0.00","0.00","0.00","0.00","0.00","0.00","0.00","0.00","0.00","0.00","0.00","0.00","0.00","0.00","0.00","0.00","0.00","0.00","0.00","0.00","0.00","0.00","0.00","0.00");
INSERT INTO trxbudget VALUES ('100-30','2008','1010141',"0.00","0.00","0.00","0.00","0.00","0.00","0.00","0.00","0.00","0.00","0.00","0.00","0.00","0.00","0.00","0.00","0.00","0.00","0.00","0.00","0.00","0.00","0.00","0.00","0.00");
INSERT INTO trxbudget VALUES ('200-10','2008','1010141',"0.00","0.00","0.00","0.00","0.00","0.00","0.00","0.00","0.00","0.00","0.00","0.00","0.00","0.00","0.00","0.00","0.00","0.00","0.00","0.00","0.00","0.00","0.00","0.00","0.00");
INSERT INTO trxbudget VALUES ('200-20','2008','1010141',"0.00","0.00","0.00","0.00","0.00","0.00","0.00","0.00","0.00","0.00","0.00","0.00","0.00","0.00","0.00","0.00","0.00","0.00","0.00","0.00","0.00","0.00","0.00","0.00","0.00");
INSERT INTO trxbudget VALUES ('200-30','2008','1010141',"0.00","0.00","0.00","0.00","0.00","0.00","0.00","0.00","0.00","0.00","0.00","0.00","0.00","0.00","0.00","0.00","0.00","0.00","0.00","0.00","0.00","0.00","0.00","0.00","0.00");
INSERT INTO trxbudget VALUES ('200-40','2008','1010141',"0.00","0.00","0.00","0.00","0.00","0.00","0.00","0.00","0.00","0.00","0.00","0.00","0.00","0.00","0.00","0.00","0.00","0.00","0.00","0.00","0.00","0.00","0.00","0.00","0.00");
INSERT INTO trxbudget VALUES ('200-50','2008','1010141',"150000.00","0.00","0.00","0.00","0.00","0.00","0.00","0.00","0.00","0.00","0.00","0.00","0.00","0.00","0.00","0.00","0.00","0.00","0.00","0.00","0.00","0.00","0.00","0.00","0.00");
INSERT INTO trxbudget VALUES ('400-10','2008','1010141',"15000000.00","0.00","0.00","0.00","0.00","0.00","0.00","0.00","0.00","0.00","0.00","0.00","0.00","0.00","0.00","0.00","0.00","0.00","0.00","0.00","0.00","0.00","0.00","0.00","0.00");
INSERT INTO trxbudget VALUES ('400-20','2008','1010141',"5000000.00","0.00","0.00","0.00","0.00","0.00","0.00","0.00","0.00","0.00","0.00","0.00","0.00","0.00","0.00","0.00","0.00","0.00","0.00","0.00","0.00","0.00","0.00","0.00","0.00");
INSERT INTO trxbudget VALUES ('400-30','2008','1010141',"1500000.00","0.00","0.00","0.00","0.00","0.00","0.00","0.00","0.00","0.00","0.00","0.00","0.00","0.00","0.00","0.00","0.00","0.00","0.00","0.00","0.00","0.00","0.00","0.00","0.00");
INSERT INTO trxbudget VALUES ('400-40','2008','1010141',"0.00","0.00","0.00","0.00","0.00","0.00","0.00","0.00","0.00","0.00","0.00","0.00","0.00","0.00","0.00","0.00","0.00","0.00","0.00","0.00","0.00","0.00","0.00","0.00","0.00");
INSERT INTO trxbudget VALUES ('400-50','2008','1010141',"0.00","0.00","0.00","0.00","0.00","0.00","0.00","0.00","0.00","0.00","0.00","0.00","0.00","0.00","0.00","0.00","0.00","0.00","0.00","0.00","0.00","0.00","0.00","0.00","0.00");
INSERT INTO trxbudget VALUES ('400-60','2008','1010141',"0.00","0.00","0.00","0.00","0.00","0.00","0.00","0.00","0.00","0.00","0.00","0.00","0.00","0.00","0.00","0.00","0.00","0.00","0.00","0.00","0.00","0.00","0.00","0.00","0.00");
INSERT INTO trxbudget VALUES ('100-10','2008','1030260',"5000000.00","0.00","0.00","0.00","0.00","0.00","0.00","0.00","0.00","0.00","0.00","0.00","0.00","0.00","0.00","0.00","0.00","0.00","0.00","0.00","0.00","0.00","0.00","0.00","0.00");
INSERT INTO trxbudget VALUES ('100-20','2008','1030260',"1000000.00","0.00","0.00","0.00","0.00","0.00","0.00","0.00","0.00","0.00","0.00","0.00","0.00","0.00","0.00","0.00","0.00","0.00","0.00","0.00","0.00","0.00","0.00","0.00","0.00");
INSERT INTO trxbudget VALUES ('100-30','2008','1030260',"0.00","0.00","0.00","0.00","0.00","0.00","0.00","0.00","0.00","0.00","0.00","0.00","0.00","0.00","0.00","0.00","0.00","0.00","0.00","0.00","0.00","0.00","0.00","0.00","0.00");
INSERT INTO trxbudget VALUES ('200-10','2008','1030260',"0.00","0.00","0.00","0.00","0.00","0.00","0.00","0.00","0.00","0.00","0.00","0.00","0.00","0.00","0.00","0.00","0.00","0.00","0.00","0.00","0.00","0.00","0.00","0.00","0.00");
INSERT INTO trxbudget VALUES ('200-20','2008','1030260',"1500000.00","0.00","0.00","0.00","0.00","0.00","0.00","0.00","0.00","0.00","0.00","0.00","0.00","0.00","0.00","0.00","0.00","0.00","0.00","0.00","0.00","0.00","0.00","0.00","0.00");
INSERT INTO trxbudget VALUES ('200-30','2008','1030260',"0.00","0.00","0.00","0.00","0.00","0.00","0.00","0.00","0.00","0.00","0.00","0.00","0.00","0.00","0.00","0.00","0.00","0.00","0.00","0.00","0.00","0.00","0.00","0.00","0.00");
INSERT INTO trxbudget VALUES ('200-40','2008','1030260',"0.00","0.00","0.00","0.00","0.00","0.00","0.00","0.00","0.00","0.00","0.00","0.00","0.00","0.00","0.00","0.00","0.00","0.00","0.00","0.00","0.00","0.00","0.00","0.00","0.00");
INSERT INTO trxbudget VALUES ('200-50','2008','1030260',"250000.00","0.00","0.00","0.00","0.00","0.00","0.00","0.00","0.00","0.00","0.00","0.00","0.00","0.00","0.00","0.00","0.00","0.00","0.00","0.00","0.00","0.00","0.00","0.00","0.00");
INSERT INTO trxbudget VALUES ('400-10','2008','1030260',"25000000.00","0.00","0.00","0.00","0.00","0.00","0.00","0.00","0.00","0.00","0.00","0.00","0.00","0.00","0.00","0.00","0.00","0.00","0.00","0.00","0.00","0.00","0.00","0.00","0.00");
INSERT INTO trxbudget VALUES ('400-20','2008','1030260',"5000000.00","0.00","0.00","0.00","0.00","0.00","0.00","0.00","0.00","0.00","0.00","0.00","0.00","0.00","0.00","0.00","0.00","0.00","0.00","0.00","0.00","0.00","0.00","0.00","0.00");
INSERT INTO trxbudget VALUES ('400-30','2008','1030260',"5000000.00","0.00","0.00","0.00","0.00","0.00","0.00","0.00","0.00","0.00","0.00","0.00","0.00","0.00","0.00","0.00","0.00","0.00","0.00","0.00","0.00","0.00","0.00","0.00","0.00");
INSERT INTO trxbudget VALUES ('400-40','2008','1030260',"150000000.00","0.00","0.00","0.00","0.00","0.00","0.00","0.00","0.00","0.00","0.00","0.00","0.00","0.00","0.00","0.00","0.00","0.00","0.00","0.00","0.00","0.00","0.00","0.00","0.00");
INSERT INTO trxbudget VALUES ('400-50','2008','1030260',"15000000.00","0.00","0.00","0.00","0.00","0.00","0.00","0.00","0.00","0.00","0.00","0.00","0.00","0.00","0.00","0.00","0.00","0.00","0.00","0.00","0.00","0.00","0.00","0.00","0.00");
INSERT INTO trxbudget VALUES ('400-60','2008','1030260',"15000000.00","0.00","0.00","0.00","0.00","0.00","0.00","0.00","0.00","0.00","0.00","0.00","0.00","0.00","0.00","0.00","0.00","0.00","0.00","0.00","0.00","0.00","0.00","0.00","0.00");
INSERT INTO trxbudget VALUES ('100-10','2008','1050298',"150000.00","0.00","0.00","0.00","0.00","0.00","0.00","0.00","0.00","0.00","0.00","0.00","0.00","0.00","0.00","0.00","0.00","0.00","0.00","0.00","0.00","0.00","0.00","0.00","0.00");
INSERT INTO trxbudget VALUES ('100-20','2008','1050298',"750000.00","0.00","0.00","0.00","0.00","0.00","0.00","0.00","0.00","0.00","0.00","0.00","0.00","0.00","0.00","0.00","0.00","0.00","0.00","0.00","0.00","0.00","0.00","0.00","0.00");
INSERT INTO trxbudget VALUES ('100-30','2008','1050298',"0.00","0.00","0.00","0.00","0.00","0.00","0.00","0.00","0.00","0.00","0.00","0.00","0.00","0.00","0.00","0.00","0.00","0.00","0.00","0.00","0.00","0.00","0.00","0.00","0.00");
INSERT INTO trxbudget VALUES ('200-10','2008','1050298',"0.00","0.00","0.00","0.00","0.00","0.00","0.00","0.00","0.00","0.00","0.00","0.00","0.00","0.00","0.00","0.00","0.00","0.00","0.00","0.00","0.00","0.00","0.00","0.00","0.00");
INSERT INTO trxbudget VALUES ('200-20','2008','1050298',"45000000.00","0.00","0.00","0.00","0.00","0.00","0.00","0.00","0.00","0.00","0.00","0.00","0.00","0.00","0.00","0.00","0.00","0.00","0.00","0.00","0.00","0.00","0.00","0.00","0.00");
INSERT INTO trxbudget VALUES ('200-30','2008','1050298',"5000000.00","0.00","0.00","0.00","0.00","0.00","0.00","0.00","0.00","0.00","0.00","0.00","0.00","0.00","0.00","0.00","0.00","0.00","0.00","0.00","0.00","0.00","0.00","0.00","0.00");
INSERT INTO trxbudget VALUES ('200-40','2008','1050298',"1500000.00","0.00","0.00","0.00","0.00","0.00","0.00","0.00","0.00","0.00","0.00","0.00","0.00","0.00","0.00","0.00","0.00","0.00","0.00","0.00","0.00","0.00","0.00","0.00","0.00");
INSERT INTO trxbudget VALUES ('200-50','2008','1050298',"0.00","0.00","0.00","0.00","0.00","0.00","0.00","0.00","0.00","0.00","0.00","0.00","0.00","0.00","0.00","0.00","0.00","0.00","0.00","0.00","0.00","0.00","0.00","0.00","0.00");
INSERT INTO trxbudget VALUES ('400-10','2008','1050298',"15000000.00","0.00","0.00","0.00","0.00","0.00","0.00","0.00","0.00","0.00","0.00","0.00","4000000.00","0.00","0.00","0.00","0.00","0.00","0.00","0.00","0.00","0.00","0.00","0.00","0.00");
INSERT INTO trxbudget VALUES ('400-20','2008','1050298',"750000.00","0.00","0.00","0.00","0.00","0.00","0.00","0.00","0.00","0.00","0.00","0.00","250000.00","0.00","0.00","0.00","0.00","0.00","0.00","0.00","0.00","0.00","0.00","0.00","0.00");
INSERT INTO trxbudget VALUES ('400-30','2008','1050298',"1500000.00","0.00","0.00","0.00","0.00","0.00","0.00","0.00","0.00","0.00","0.00","0.00","600000.00","0.00","0.00","0.00","0.00","0.00","0.00","0.00","0.00","0.00","0.00","0.00","0.00");
INSERT INTO trxbudget VALUES ('400-40','2008','1050298',"25000000.00","0.00","0.00","0.00","0.00","0.00","0.00","0.00","0.00","0.00","0.00","0.00","0.00","0.00","0.00","0.00","0.00","0.00","0.00","0.00","0.00","0.00","0.00","0.00","0.00");
INSERT INTO trxbudget VALUES ('400-50','2008','1050298',"1500000.00","0.00","0.00","0.00","0.00","0.00","0.00","0.00","0.00","0.00","0.00","0.00","0.00","0.00","0.00","0.00","0.00","0.00","0.00","0.00","0.00","0.00","0.00","0.00","0.00");
INSERT INTO trxbudget VALUES ('400-60','2008','1050298',"5000000.00","0.00","0.00","0.00","0.00","0.00","0.00","0.00","0.00","0.00","0.00","0.00","0.00","0.00","0.00","0.00","0.00","0.00","0.00","0.00","0.00","0.00","0.00","0.00","0.00");
INSERT INTO trxbudget VALUES ('100-10','2008','1070427',"500000.00","0.00","0.00","0.00","0.00","0.00","0.00","0.00","0.00","0.00","0.00","0.00","50000.00","0.00","0.00","0.00","0.00","0.00","0.00","0.00","0.00","0.00","0.00","0.00","0.00");
INSERT INTO trxbudget VALUES ('100-20','2008','1070427',"450000.00","0.00","0.00","0.00","0.00","0.00","0.00","0.00","0.00","0.00","0.00","0.00","150000.00","0.00","0.00","0.00","0.00","0.00","0.00","0.00","0.00","0.00","0.00","0.00","0.00");
INSERT INTO trxbudget VALUES ('100-30','2008','1070427',"0.00","0.00","0.00","0.00","0.00","0.00","0.00","0.00","0.00","0.00","0.00","0.00","0.00","0.00","0.00","0.00","0.00","0.00","0.00","0.00","0.00","0.00","0.00","0.00","0.00");
INSERT INTO trxbudget VALUES ('200-10','2008','1070427',"0.00","0.00","0.00","0.00","0.00","0.00","0.00","0.00","0.00","0.00","0.00","0.00","0.00","0.00","0.00","0.00","0.00","0.00","0.00","0.00","0.00","0.00","0.00","0.00","0.00");
INSERT INTO trxbudget VALUES ('200-20','2008','1070427',"1000000.00","0.00","0.00","0.00","0.00","0.00","0.00","0.00","0.00","0.00","0.00","0.00","0.00","0.00","0.00","0.00","0.00","0.00","0.00","0.00","0.00","0.00","0.00","0.00","0.00");
INSERT INTO trxbudget VALUES ('200-30','2008','1070427',"0.00","0.00","0.00","0.00","0.00","0.00","0.00","0.00","0.00","0.00","0.00","0.00","0.00","0.00","0.00","0.00","0.00","0.00","0.00","0.00","0.00","0.00","0.00","0.00","0.00");
INSERT INTO trxbudget VALUES ('200-40','2008','1070427',"0.00","0.00","0.00","0.00","0.00","0.00","0.00","0.00","0.00","0.00","0.00","0.00","0.00","0.00","0.00","0.00","0.00","0.00","0.00","0.00","0.00","0.00","0.00","0.00","0.00");
INSERT INTO trxbudget VALUES ('200-50','2008','1070427',"250000.00","0.00","0.00","0.00","0.00","0.00","0.00","0.00","0.00","0.00","0.00","0.00","0.00","0.00","0.00","0.00","0.00","0.00","0.00","0.00","0.00","0.00","0.00","0.00","0.00");
INSERT INTO trxbudget VALUES ('400-10','2008','1070427',"15000000.00","0.00","0.00","0.00","0.00","0.00","0.00","0.00","0.00","0.00","0.00","0.00","0.00","0.00","0.00","0.00","0.00","0.00","0.00","0.00","0.00","0.00","0.00","0.00","0.00");
INSERT INTO trxbudget VALUES ('400-20','2008','1070427',"750000.00","0.00","0.00","0.00","0.00","0.00","0.00","0.00","0.00","0.00","0.00","0.00","0.00","0.00","0.00","0.00","0.00","0.00","0.00","0.00","0.00","0.00","0.00","0.00","0.00");
INSERT INTO trxbudget VALUES ('400-30','2008','1070427',"1500000.00","0.00","0.00","0.00","0.00","0.00","0.00","0.00","0.00","0.00","0.00","0.00","0.00","0.00","0.00","0.00","0.00","0.00","0.00","0.00","0.00","0.00","0.00","0.00","0.00");
INSERT INTO trxbudget VALUES ('400-40','2008','1070427',"0.00","0.00","0.00","0.00","0.00","0.00","0.00","0.00","0.00","0.00","0.00","0.00","0.00","0.00","0.00","0.00","0.00","0.00","0.00","0.00","0.00","0.00","0.00","0.00","0.00");
INSERT INTO trxbudget VALUES ('400-50','2008','1070427',"0.00","0.00","0.00","0.00","0.00","0.00","0.00","0.00","0.00","0.00","0.00","0.00","0.00","0.00","0.00","0.00","0.00","0.00","0.00","0.00","0.00","0.00","0.00","0.00","0.00");
INSERT INTO trxbudget VALUES ('400-60','2008','1070427',"0.00","0.00","0.00","0.00","0.00","0.00","0.00","0.00","0.00","0.00","0.00","0.00","0.00","0.00","0.00","0.00","0.00","0.00","0.00","0.00","0.00","0.00","0.00","0.00","0.00");
INSERT INTO trxbudget VALUES ('100-10','2008','1070428',"500000.00","0.00","0.00","0.00","0.00","0.00","0.00","0.00","0.00","0.00","0.00","0.00","0.00","0.00","0.00","0.00","0.00","0.00","0.00","0.00","0.00","0.00","0.00","0.00","0.00");
INSERT INTO trxbudget VALUES ('100-20','2008','1070428',"250000.00","0.00","0.00","0.00","0.00","0.00","0.00","0.00","0.00","0.00","0.00","0.00","0.00","0.00","0.00","0.00","0.00","0.00","0.00","0.00","0.00","0.00","0.00","0.00","0.00");
INSERT INTO trxbudget VALUES ('100-30','2008','1070428',"0.00","0.00","0.00","0.00","0.00","0.00","0.00","0.00","0.00","0.00","0.00","0.00","0.00","0.00","0.00","0.00","0.00","0.00","0.00","0.00","0.00","0.00","0.00","0.00","0.00");
INSERT INTO trxbudget VALUES ('200-10','2008','1070428',"0.00","0.00","0.00","0.00","0.00","0.00","0.00","0.00","0.00","0.00","0.00","0.00","0.00","0.00","0.00","0.00","0.00","0.00","0.00","0.00","0.00","0.00","0.00","0.00","0.00");
INSERT INTO trxbudget VALUES ('200-20','2008','1070428',"0.00","0.00","0.00","0.00","0.00","0.00","0.00","0.00","0.00","0.00","0.00","0.00","0.00","0.00","0.00","0.00","0.00","0.00","0.00","0.00","0.00","0.00","0.00","0.00","0.00");
INSERT INTO trxbudget VALUES ('200-30','2008','1070428',"0.00","0.00","0.00","0.00","0.00","0.00","0.00","0.00","0.00","0.00","0.00","0.00","0.00","0.00","0.00","0.00","0.00","0.00","0.00","0.00","0.00","0.00","0.00","0.00","0.00");
INSERT INTO trxbudget VALUES ('200-40','2008','1070428',"0.00","0.00","0.00","0.00","0.00","0.00","0.00","0.00","0.00","0.00","0.00","0.00","0.00","0.00","0.00","0.00","0.00","0.00","0.00","0.00","0.00","0.00","0.00","0.00","0.00");
INSERT INTO trxbudget VALUES ('200-50','2008','1070428',"0.00","0.00","0.00","0.00","0.00","0.00","0.00","0.00","0.00","0.00","0.00","0.00","0.00","0.00","0.00","0.00","0.00","0.00","0.00","0.00","0.00","0.00","0.00","0.00","0.00");
INSERT INTO trxbudget VALUES ('400-10','2008','1070428',"15000000.00","0.00","0.00","0.00","0.00","0.00","0.00","0.00","0.00","0.00","0.00","0.00","0.00","0.00","0.00","0.00","0.00","0.00","0.00","0.00","0.00","0.00","0.00","0.00","0.00");
INSERT INTO trxbudget VALUES ('400-20','2008','1070428',"750000.00","0.00","0.00","0.00","0.00","0.00","0.00","0.00","0.00","0.00","0.00","0.00","0.00","0.00","0.00","0.00","0.00","0.00","0.00","0.00","0.00","0.00","0.00","0.00","0.00");
INSERT INTO trxbudget VALUES ('400-30','2008','1070428',"15000000.00","0.00","0.00","0.00","0.00","0.00","0.00","0.00","0.00","0.00","0.00","0.00","0.00","0.00","0.00","0.00","0.00","0.00","0.00","0.00","0.00","0.00","0.00","0.00","0.00");
INSERT INTO trxbudget VALUES ('400-40','2008','1070428',"0.00","0.00","0.00","0.00","0.00","0.00","0.00","0.00","0.00","0.00","0.00","0.00","0.00","0.00","0.00","0.00","0.00","0.00","0.00","0.00","0.00","0.00","0.00","0.00","0.00");
INSERT INTO trxbudget VALUES ('400-50','2008','1070428',"0.00","0.00","0.00","0.00","0.00","0.00","0.00","0.00","0.00","0.00","0.00","0.00","0.00","0.00","0.00","0.00","0.00","0.00","0.00","0.00","0.00","0.00","0.00","0.00","0.00");
INSERT INTO trxbudget VALUES ('400-60','2008','1070428',"0.00","0.00","0.00","0.00","0.00","0.00","0.00","0.00","0.00","0.00","0.00","0.00","0.00","0.00","0.00","0.00","0.00","0.00","0.00","0.00","0.00","0.00","0.00","0.00","0.00");
INSERT INTO trxbudget VALUES ('100-10','2008','1070440',"500000.00","0.00","0.00","0.00","0.00","0.00","0.00","0.00","0.00","0.00","0.00","0.00","0.00","0.00","0.00","0.00","0.00","0.00","0.00","0.00","0.00","0.00","0.00","0.00","0.00");
INSERT INTO trxbudget VALUES ('100-20','2008','1070440',"250000.00","0.00","0.00","0.00","0.00","0.00","0.00","0.00","0.00","0.00","0.00","0.00","0.00","0.00","0.00","0.00","0.00","0.00","0.00","0.00","0.00","0.00","0.00","0.00","0.00");
INSERT INTO trxbudget VALUES ('100-30','2008','1070440',"0.00","0.00","0.00","0.00","0.00","0.00","0.00","0.00","0.00","0.00","0.00","0.00","0.00","0.00","0.00","0.00","0.00","0.00","0.00","0.00","0.00","0.00","0.00","0.00","0.00");
INSERT INTO trxbudget VALUES ('200-10','2008','1070440',"0.00","0.00","0.00","0.00","0.00","0.00","0.00","0.00","0.00","0.00","0.00","0.00","0.00","0.00","0.00","0.00","0.00","0.00","0.00","0.00","0.00","0.00","0.00","0.00","0.00");
INSERT INTO trxbudget VALUES ('200-20','2008','1070440',"500000.00","0.00","0.00","0.00","0.00","0.00","0.00","0.00","0.00","0.00","0.00","0.00","0.00","0.00","0.00","0.00","0.00","0.00","0.00","0.00","0.00","0.00","0.00","0.00","0.00");
INSERT INTO trxbudget VALUES ('200-30','2008','1070440',"0.00","0.00","0.00","0.00","0.00","0.00","0.00","0.00","0.00","0.00","0.00","0.00","0.00","0.00","0.00","0.00","0.00","0.00","0.00","0.00","0.00","0.00","0.00","0.00","0.00");
INSERT INTO trxbudget VALUES ('200-40','2008','1070440',"0.00","0.00","0.00","0.00","0.00","0.00","0.00","0.00","0.00","0.00","0.00","0.00","0.00","0.00","0.00","0.00","0.00","0.00","0.00","0.00","0.00","0.00","0.00","0.00","0.00");
INSERT INTO trxbudget VALUES ('200-50','2008','1070440',"0.00","0.00","0.00","0.00","0.00","0.00","0.00","0.00","0.00","0.00","0.00","0.00","0.00","0.00","0.00","0.00","0.00","0.00","0.00","0.00","0.00","0.00","0.00","0.00","0.00");
INSERT INTO trxbudget VALUES ('400-10','2008','1070440',"15000000.00","0.00","0.00","0.00","0.00","0.00","0.00","0.00","0.00","0.00","0.00","0.00","0.00","0.00","0.00","0.00","0.00","0.00","0.00","0.00","0.00","0.00","0.00","0.00","0.00");
INSERT INTO trxbudget VALUES ('400-20','2008','1070440',"750000.00","0.00","0.00","0.00","0.00","0.00","0.00","0.00","0.00","0.00","0.00","0.00","0.00","0.00","0.00","0.00","0.00","0.00","0.00","0.00","0.00","0.00","0.00","0.00","0.00");
INSERT INTO trxbudget VALUES ('400-30','2008','1070440',"1500000.00","0.00","0.00","0.00","0.00","0.00","0.00","0.00","0.00","0.00","0.00","0.00","0.00","0.00","0.00","0.00","0.00","0.00","0.00","0.00","0.00","0.00","0.00","0.00","0.00");
INSERT INTO trxbudget VALUES ('400-40','2008','1070440',"0.00","0.00","0.00","0.00","0.00","0.00","0.00","0.00","0.00","0.00","0.00","0.00","0.00","0.00","0.00","0.00","0.00","0.00","0.00","0.00","0.00","0.00","0.00","0.00","0.00");
INSERT INTO trxbudget VALUES ('400-50','2008','1070440',"0.00","0.00","0.00","0.00","0.00","0.00","0.00","0.00","0.00","0.00","0.00","0.00","0.00","0.00","0.00","0.00","0.00","0.00","0.00","0.00","0.00","0.00","0.00","0.00","0.00");
INSERT INTO trxbudget VALUES ('400-60','2008','1070440',"0.00","0.00","0.00","0.00","0.00","0.00","0.00","0.00","0.00","0.00","0.00","0.00","0.00","0.00","0.00","0.00","0.00","0.00","0.00","0.00","0.00","0.00","0.00","0.00","0.00");

--
-- Table structure for table `trxbudgettransfer`
--

CREATE TABLE trxbudgettransfer (
  TransNo varchar(10) NOT NULL default '',
  TransDate datetime NOT NULL default '0000-00-00 00:00:00',
  EmployeeID varchar(10) NOT NULL default '',
  FromBudgetID varchar(10) NOT NULL default '',
  ToBudgetID varchar(10) NOT NULL default '',
  Amount decimal(14,2) NOT NULL default '0.00',
  Year varchar(4) NOT NULL default '',
  Description varchar(255) NOT NULL default '',
  PRIMARY KEY  (TransNo)
) TYPE=InnoDB;

--
-- Dumping data for table `trxbudgettransfer`
--

INSERT INTO trxbudgettransfer VALUES ('2008-00001','2008-06-09 00:00:00','1010080','400-10','400-40',"10000000.00",'2008','test');
INSERT INTO trxbudgettransfer VALUES ('2008-00002','2008-06-10 00:00:00','1010117','400-20','400-30',"150000.00",'2008','');
INSERT INTO trxbudgettransfer VALUES ('2008-00003','2008-06-19 00:00:00','1070440','400-20','400-30',"150000.00",'2008','');
INSERT INTO trxbudgettransfer VALUES ('2008-00004','2008-06-19 00:00:00','1010117','400-10','400-20',"550000.00",'2008','');
INSERT INTO trxbudgettransfer VALUES ('2008-00005','2008-06-13 00:00:00','1010139','400-10','400-30',"500000.00",'2008','');

--
-- Table structure for table `trxbudgetusage`
--

CREATE TABLE trxbudgetusage (
  TransNo varchar(10) NOT NULL default '',
  TransDate datetime NOT NULL default '0000-00-00 00:00:00',
  EmployeeID varchar(10) NOT NULL default '',
  Year varchar(4) NOT NULL default '',
  Description varchar(255) NOT NULL default '',
  PRIMARY KEY  (TransNo)
) TYPE=InnoDB;

--
-- Dumping data for table `trxbudgetusage`
--

INSERT INTO trxbudgetusage VALUES ('2008-00001','2008-06-09 00:00:00','1050298','2008','');
INSERT INTO trxbudgetusage VALUES ('2008-00002','2008-06-09 00:00:00','1010140','2008','');
INSERT INTO trxbudgetusage VALUES ('2008-00003','2008-06-19 00:00:00','1070427','2008','');

--
-- Table structure for table `trxbudgetusagedetail`
--

CREATE TABLE trxbudgetusagedetail (
  TransNo varchar(10) NOT NULL default '',
  BudgetID varchar(10) NOT NULL default '',
  DeptReffNo varchar(15) NOT NULL default '',
  Amount decimal(14,2) NOT NULL default '0.00',
  Seq smallint(6) NOT NULL default '0',
  PRIMARY KEY  (TransNo,DeptReffNo,Seq)
) TYPE=InnoDB;

--
-- Dumping data for table `trxbudgetusagedetail`
--

INSERT INTO trxbudgetusagedetail VALUES ('2008-00001','400-10','OPC/08/001',"4000000.00",1);
INSERT INTO trxbudgetusagedetail VALUES ('2008-00001','400-20','OPC/08/001',"250000.00",2);
INSERT INTO trxbudgetusagedetail VALUES ('2008-00001','400-30','OPC/08/001',"600000.00",3);
INSERT INTO trxbudgetusagedetail VALUES ('2008-00002','200-20','OPC/08/02',"1200000.00",1);
INSERT INTO trxbudgetusagedetail VALUES ('2008-00003','100-20','OPC/2008/06/005',"150000.00",1);
INSERT INTO trxbudgetusagedetail VALUES ('2008-00003','100-10','OPC/2008/06/005',"50000.00",2);

--
-- Table structure for table `trxperiod`
--

CREATE TABLE trxperiod (
  Year varchar(4) NOT NULL default '',
  Status char(1) NOT NULL default ''
) TYPE=InnoDB;

--
-- Dumping data for table `trxperiod`
--

INSERT INTO trxperiod VALUES ('2008','0');

--
-- Table structure for table `trxperioddetail`
--

CREATE TABLE trxperioddetail (
  EmployeeID varchar(10) NOT NULL default '',
  Year varchar(6) NOT NULL default '',
  BeginningBalanceStatus char(1) NOT NULL default '',
  PRIMARY KEY  (Year,EmployeeID)
) TYPE=MyISAM;

--
-- Dumping data for table `trxperioddetail`
--

INSERT INTO trxperioddetail VALUES ('1010023','2008','1');
INSERT INTO trxperioddetail VALUES ('1010070','2008','1');
INSERT INTO trxperioddetail VALUES ('1010072','2008','1');
INSERT INTO trxperioddetail VALUES ('1010080','2008','1');
INSERT INTO trxperioddetail VALUES ('1010117','2008','1');
INSERT INTO trxperioddetail VALUES ('1010139','2008','1');
INSERT INTO trxperioddetail VALUES ('1010140','2008','1');
INSERT INTO trxperioddetail VALUES ('1030260','2008','1');
INSERT INTO trxperioddetail VALUES ('1050298','2008','1');
INSERT INTO trxperioddetail VALUES ('1070427','2008','1');
INSERT INTO trxperioddetail VALUES ('1070428','2008','1');
INSERT INTO trxperioddetail VALUES ('1070440','2008','1');
INSERT INTO trxperioddetail VALUES ('1010141','2008','1');

